<?xml version="1.0" encoding="UTF-8"?>
<metadata xml:lang="en"><Esri><CreaDate>20171219</CreaDate><CreaTime>11140000</CreaTime><ArcGISFormat>1.0</ArcGISFormat><SyncOnce>FALSE</SyncOnce><DataProperties><lineage><Process ToolSource="c:\program files (x86)\arcgis\desktop10.4\ArcToolbox\Toolboxes\Data Management Tools.tbx\CopyFeatures" Date="20171219" Time="111400">CopyFeatures wiblyr2 \\IT171OAFS-OA12\CES_ArcGIS\haywa304\qwi_geo\2017_R2018Q1\working\qwi_wib.shp # 0 0 0</Process><Process ToolSource="c:\program files (x86)\arcgis\desktop10.4\ArcToolbox\Toolboxes\Data Management Tools.tbx\AddField" Date="20171219" Time="111400">AddField \\IT171OAFS-OA12\CES_ArcGIS\haywa304\qwi_geo\2017_R2018Q1\working\qwi_wib.shp STUSPS TEXT # # 2 # NULLABLE NON_REQUIRED #</Process><Process ToolSource="c:\program files (x86)\arcgis\desktop10.4\ArcToolbox\Toolboxes\Data Management Tools.tbx\CalculateField" Date="20171219" Time="111403">CalculateField \\IT171OAFS-OA12\CES_ArcGIS\haywa304\qwi_geo\2017_R2018Q1\working\qwi_wib.shp STUSPS [us_wib_p_4] VB #</Process><Process ToolSource="c:\program files (x86)\arcgis\desktop10.4\ArcToolbox\Toolboxes\Data Management Tools.tbx\AddField" Date="20171219" Time="111403">AddField \\IT171OAFS-OA12\CES_ArcGIS\haywa304\qwi_geo\2017_R2018Q1\working\qwi_wib.shp GEOGRAPHY TEXT # # 8 # NULLABLE NON_REQUIRED #</Process><Process ToolSource="c:\program files (x86)\arcgis\desktop10.4\ArcToolbox\Toolboxes\Data Management Tools.tbx\CalculateField" Date="20171219" Time="111404">CalculateField \\IT171OAFS-OA12\CES_ArcGIS\haywa304\qwi_geo\2017_R2018Q1\working\qwi_wib.shp GEOGRAPHY [us_wib_pro] VB #</Process><Process ToolSource="c:\program files (x86)\arcgis\desktop10.4\ArcToolbox\Toolboxes\Data Management Tools.tbx\AddField" Date="20171219" Time="111404">AddField \\IT171OAFS-OA12\CES_ArcGIS\haywa304\qwi_geo\2017_R2018Q1\working\qwi_wib.shp NAME TEXT # # 100 # NULLABLE NON_REQUIRED #</Process><Process ToolSource="c:\program files (x86)\arcgis\desktop10.4\ArcToolbox\Toolboxes\Data Management Tools.tbx\CalculateField" Date="20171219" Time="111406">CalculateField \\IT171OAFS-OA12\CES_ArcGIS\haywa304\qwi_geo\2017_R2018Q1\working\qwi_wib.shp NAME [us_wib_p_1] VB #</Process><Process ToolSource="c:\program files (x86)\arcgis\desktop10.4\ArcToolbox\Toolboxes\Data Management Tools.tbx\AddField" Date="20171219" Time="111406">AddField \\IT171OAFS-OA12\CES_ArcGIS\haywa304\qwi_geo\2017_R2018Q1\working\qwi_wib.shp LABEL TEXT # # 100 # NULLABLE NON_REQUIRED #</Process><Process ToolSource="c:\program files (x86)\arcgis\desktop10.4\ArcToolbox\Toolboxes\Data Management Tools.tbx\CalculateField" Date="20171219" Time="111408">CalculateField \\IT171OAFS-OA12\CES_ArcGIS\haywa304\qwi_geo\2017_R2018Q1\working\qwi_wib.shp LABEL [us_wib_p_1] VB #</Process><Process ToolSource="c:\program files (x86)\arcgis\desktop10.4\ArcToolbox\Toolboxes\Data Management Tools.tbx\AddField" Date="20171219" Time="111408">AddField \\IT171OAFS-OA12\CES_ArcGIS\haywa304\qwi_geo\2017_R2018Q1\working\qwi_wib.shp INTPTLAT DOUBLE 18 11 # # NULLABLE NON_REQUIRED #</Process><Process ToolSource="c:\program files (x86)\arcgis\desktop10.4\ArcToolbox\Toolboxes\Data Management Tools.tbx\CalculateField" Date="20171219" Time="111409">CalculateField \\IT171OAFS-OA12\CES_ArcGIS\haywa304\qwi_geo\2017_R2018Q1\working\qwi_wib.shp INTPTLAT [us_wib__21] VB #</Process><Process ToolSource="c:\program files (x86)\arcgis\desktop10.4\ArcToolbox\Toolboxes\Data Management Tools.tbx\AddField" Date="20171219" Time="111409">AddField \\IT171OAFS-OA12\CES_ArcGIS\haywa304\qwi_geo\2017_R2018Q1\working\qwi_wib.shp INTPTLON DOUBLE 18 11 # # NULLABLE NON_REQUIRED #</Process><Process ToolSource="c:\program files (x86)\arcgis\desktop10.4\ArcToolbox\Toolboxes\Data Management Tools.tbx\CalculateField" Date="20171219" Time="111411">CalculateField \\IT171OAFS-OA12\CES_ArcGIS\haywa304\qwi_geo\2017_R2018Q1\working\qwi_wib.shp INTPTLON [us_wib__20] VB #</Process><Process ToolSource="c:\program files (x86)\arcgis\desktop10.4\ArcToolbox\Toolboxes\Data Management Tools.tbx\DeleteField" Date="20171219" Time="111412">DeleteField \\IT171OAFS-OA12\CES_ArcGIS\haywa304\qwi_geo\2017_R2018Q1\working\qwi_wib.shp us_wib_pro;us_wib_p_1;us_wib_p_2;us_wib_p_3;us_wib_p_4;us_wib_p_5;us_wib_p_6;us_wib_p_7;us_wib_p_8;us_wib_p_9;us_wib_pts;us_wib__10;us_wib__11;us_wib__12;us_wib__13;us_wib__14;us_wib__15;us_wib__16;us_wib__16;us_wib__17;us_wib__18;us_wib__19;us_wib__20;us_wib__21</Process><Process ToolSource="c:\program files (x86)\arcgis\desktop10.4\ArcToolbox\Toolboxes\Cartography Tools.tbx\SimplifyPolygon" Date="20171219" Time="111851">SimplifyPolygon \\IT171OAFS-OA12\CES_ArcGIS\haywa304\qwi_geo\2017_R2018Q1\working\qwi_wib.shp \\IT171OAFS-OA12\CES_ArcGIS\haywa304\qwi_geo\2017_R2018Q1\final\qwi_wib.shp POINT_REMOVE "100 Meters" "0 Unknown" RESOLVE_ERRORS KEEP_COLLAPSED_POINTS</Process><Process ToolSource="c:\program files (x86)\arcgis\desktop10.4\ArcToolbox\Toolboxes\Data Management Tools.tbx\DeleteField" Date="20171219" Time="111852">DeleteField \\IT171OAFS-OA12\CES_ArcGIS\haywa304\qwi_geo\2017_R2018Q1\final\qwi_wib.shp MaxSimpTol;MinSimpTol</Process><Process ToolSource="c:\program files (x86)\arcgis\desktop10.4\ArcToolbox\Toolboxes\Data Management Tools.tbx\Rename" Date="20171219" Time="121002">Rename \\IT171OAFS-OA12\CES_ArcGIS\haywa304\qwi_geo\2017_R2018Q1\final\schema_shp\qwi_wib.shp \\IT171OAFS-OA12\CES_ArcGIS\haywa304\qwi_geo\2017_R2018Q1\final\schema_shp\lehd_shp_gw.shp ShapeFile</Process></lineage><itemProps><itemName Sync="TRUE">qwi_wib</itemName><imsContentType Sync="TRUE">002</imsContentType><itemSize Sync="TRUE">0.000</itemSize><itemLocation><linkage Sync="TRUE">file://\\IT171OAFS-OA12\CES_ArcGIS\haywa304\qwi_geo\2017_R2018Q1\final\qwi_wib.shp</linkage><protocol Sync="TRUE">Local Area Network</protocol></itemLocation></itemProps><coordRef><type Sync="TRUE">Geographic</type><geogcsn Sync="TRUE">GCS_WGS_1984</geogcsn><csUnits Sync="TRUE">Angular Unit: Degree (0.017453)</csUnits><peXml Sync="TRUE">&lt;GeographicCoordinateSystem xsi:type='typens:GeographicCoordinateSystem' xmlns:xsi='http://www.w3.org/2001/XMLSchema-instance' xmlns:xs='http://www.w3.org/2001/XMLSchema' xmlns:typens='http://www.esri.com/schemas/ArcGIS/10.4'&gt;&lt;WKT&gt;GEOGCS[&amp;quot;GCS_WGS_1984&amp;quot;,DATUM[&amp;quot;D_WGS_1984&amp;quot;,SPHEROID[&amp;quot;WGS_1984&amp;quot;,6378137.0,298.257223563]],PRIMEM[&amp;quot;Greenwich&amp;quot;,0.0],UNIT[&amp;quot;Degree&amp;quot;,0.0174532925199433],AUTHORITY[&amp;quot;EPSG&amp;quot;,4326]]&lt;/WKT&gt;&lt;XOrigin&gt;-400&lt;/XOrigin&gt;&lt;YOrigin&gt;-400&lt;/YOrigin&gt;&lt;XYScale&gt;11258999068426.238&lt;/XYScale&gt;&lt;ZOrigin&gt;-100000&lt;/ZOrigin&gt;&lt;ZScale&gt;10000&lt;/ZScale&gt;&lt;MOrigin&gt;-100000&lt;/MOrigin&gt;&lt;MScale&gt;10000&lt;/MScale&gt;&lt;XYTolerance&gt;8.983152841195215e-009&lt;/XYTolerance&gt;&lt;ZTolerance&gt;0.001&lt;/ZTolerance&gt;&lt;MTolerance&gt;0.001&lt;/MTolerance&gt;&lt;HighPrecision&gt;true&lt;/HighPrecision&gt;&lt;LeftLongitude&gt;-180&lt;/LeftLongitude&gt;&lt;WKID&gt;4326&lt;/WKID&gt;&lt;LatestWKID&gt;4326&lt;/LatestWKID&gt;&lt;/GeographicCoordinateSystem&gt;</peXml></coordRef></DataProperties><SyncDate>20171219</SyncDate><SyncTime>11141200</SyncTime><ModDate>20171219</ModDate><ModTime>11141200</ModTime></Esri><dataIdInfo><envirDesc Sync="TRUE">Microsoft Windows Server 2008 R2 Version 6.1 (Build 7601) Service Pack 1; Esri ArcGIS 10.4.1.5713</envirDesc><dataLang><languageCode value="eng" Sync="TRUE"></languageCode><countryCode value="USA" Sync="TRUE"></countryCode></dataLang><idCitation><resTitle Sync="TRUE">qwi_wib</resTitle><presForm><PresFormCd value="005" Sync="TRUE"></PresFormCd></presForm></idCitation><spatRpType><SpatRepTypCd value="001" Sync="TRUE"></SpatRepTypCd></spatRpType></dataIdInfo><mdLang><languageCode value="eng" Sync="TRUE"></languageCode><countryCode value="USA" Sync="TRUE"></countryCode></mdLang><mdChar><CharSetCd value="004" Sync="TRUE"></CharSetCd></mdChar><distInfo><distFormat><formatName Sync="TRUE">Shapefile</formatName></distFormat><distTranOps><transSize Sync="TRUE">0.000</transSize></distTranOps></distInfo><mdHrLv><ScopeCd value="005" Sync="TRUE"></ScopeCd></mdHrLv><mdHrLvName Sync="TRUE">dataset</mdHrLvName><refSysInfo><RefSystem><refSysID><identCode code="4326" Sync="TRUE"></identCode><idCodeSpace Sync="TRUE">EPSG</idCodeSpace><idVersion Sync="TRUE">6.14(3.0.1)</idVersion></refSysID></RefSystem></refSysInfo><spatRepInfo><VectSpatRep><geometObjs Name="qwi_wib"><geoObjTyp><GeoObjTypCd value="002" Sync="TRUE"></GeoObjTypCd></geoObjTyp><geoObjCnt Sync="TRUE">0</geoObjCnt></geometObjs><topLvl><TopoLevCd value="001" Sync="TRUE"></TopoLevCd></topLvl></VectSpatRep></spatRepInfo><spdoinfo><ptvctinf><esriterm Name="qwi_wib"><efeatyp Sync="TRUE">Simple</efeatyp><efeageom code="4" Sync="TRUE"></efeageom><esritopo Sync="TRUE">FALSE</esritopo><efeacnt Sync="TRUE">0</efeacnt><spindex Sync="TRUE">FALSE</spindex><linrefer Sync="TRUE">FALSE</linrefer></esriterm></ptvctinf></spdoinfo><eainfo><detailed Name="qwi_wib"><enttyp><enttypl Sync="TRUE">qwi_wib</enttypl><enttypt Sync="TRUE">Feature Class</enttypt><enttypc Sync="TRUE">0</enttypc></enttyp><attr><attrlabl Sync="TRUE">FID</attrlabl><attalias Sync="TRUE">FID</attalias><attrtype Sync="TRUE">OID</attrtype><attwidth Sync="TRUE">4</attwidth><atprecis Sync="TRUE">0</atprecis><attscale Sync="TRUE">0</attscale><attrdef Sync="TRUE">Internal feature number.</attrdef><attrdefs Sync="TRUE">Esri</attrdefs><attrdomv><udom Sync="TRUE">Sequential unique whole numbers that are automatically generated.</udom></attrdomv></attr><attr><attrlabl Sync="TRUE">Shape</attrlabl><attalias Sync="TRUE">Shape</attalias><attrtype Sync="TRUE">Geometry</attrtype><attwidth Sync="TRUE">0</attwidth><atprecis Sync="TRUE">0</atprecis><attscale Sync="TRUE">0</attscale><attrdef Sync="TRUE">Feature geometry.</attrdef><attrdefs Sync="TRUE">Esri</attrdefs><attrdomv><udom Sync="TRUE">Coordinates defining the features.</udom></attrdomv></attr><attr><attrlabl Sync="TRUE">STUSPS</attrlabl><attalias Sync="TRUE">STUSPS</attalias><attrtype Sync="TRUE">String</attrtype><attwidth Sync="TRUE">2</attwidth><atprecis Sync="TRUE">0</atprecis><attscale Sync="TRUE">0</attscale></attr><attr><attrlabl Sync="TRUE">GEOGRAPHY</attrlabl><attalias Sync="TRUE">GEOGRAPHY</attalias><attrtype Sync="TRUE">String</attrtype><attwidth Sync="TRUE">8</attwidth><atprecis Sync="TRUE">0</atprecis><attscale Sync="TRUE">0</attscale></attr><attr><attrlabl Sync="TRUE">NAME</attrlabl><attalias Sync="TRUE">NAME</attalias><attrtype Sync="TRUE">String</attrtype><attwidth Sync="TRUE">100</attwidth><atprecis Sync="TRUE">0</atprecis><attscale Sync="TRUE">0</attscale></attr><attr><attrlabl Sync="TRUE">LABEL</attrlabl><attalias Sync="TRUE">LABEL</attalias><attrtype Sync="TRUE">String</attrtype><attwidth Sync="TRUE">100</attwidth><atprecis Sync="TRUE">0</atprecis><attscale Sync="TRUE">0</attscale></attr><attr><attrlabl Sync="TRUE">INTPTLAT</attrlabl><attalias Sync="TRUE">INTPTLAT</attalias><attrtype Sync="TRUE">Double</attrtype><attwidth Sync="TRUE">19</attwidth><atprecis Sync="TRUE">0</atprecis><attscale Sync="TRUE">0</attscale></attr><attr><attrlabl Sync="TRUE">INTPTLON</attrlabl><attalias Sync="TRUE">INTPTLON</attalias><attrtype Sync="TRUE">Double</attrtype><attwidth Sync="TRUE">19</attwidth><atprecis Sync="TRUE">0</atprecis><attscale Sync="TRUE">0</attscale></attr></detailed></eainfo><mdDateSt Sync="TRUE">20171219</mdDateSt></metadata>
